full_sample_id,partner,timepoint,AFDW.mg.cm2,DW.mg.cm2
POC-175,host,NA,NA,NA
POC-175,sym,NA,NA,NA
POC-466-20220126,host,January,0.37416819787609423,210.90124978193964
POC-466-20220126,host,Jan,0.37416819787609423,210.90124978193964
POC-466-20220127,sym,NA,NA,NA
POC-466-20220215,host,February,0.6494347946525986,100.7396515143412
POC-466-20220215,host,Feb,0.6494347946525986,100.7396515143412
POC-466-20220215,sym,February,0.15103134759361828,93.31762255971154
POC-466-20220215,sym,Feb,0.15103134759361828,93.31762255971154
POC-466-20220315,host,March,1.1753394069818806,138.91427620003705
POC-466-20220315,sym,March,-0.04435243045213074,130.83227776209034
POC-466-20220414,host,April,1.1855933067321827,109.25571653011178
POC-466-20220414,sym,April,0.7224709212899281,100.95553422212994
POC-466-20220515,host,May,0.9854809660061512,61.08165992372088
POC-466-20220515,sym,May,0.7058174486260339,56.041663287991604
POC-466-20220616,host,June,0.23124241463950296,37.7259828830928
POC-466-20220616,sym,June,0.9493109653621256,37.838561427062025
POC-466-20220727,host,July,0.47988073923494307,122.32402290587427
POC-466-20220727,sym,July,0.05537085452708813,117.00438341312915
POC-466-20220811,host,August,9.298286061930161,100.40482992199942
POC-466-20220811,sym,August,0.45707866877464237,87.1753143521062
POC-466-20220917,host,September,1.1630713126558492,58.28154111703267
POC-466-20220917,sym,September,0.36134254373774655,54.72457545211431
POC-466-20221015,host,October,110.68165362602261,107.40925033973953
POC-466-20221015,sym,October,110.33142986294214,102.20623855947541
POC-466-20221104,host,NA,NA,NA
POC-466-20221104,sym,NA,NA,NA
POC-467-20220125,host,NA,NA,NA
POC-467-20220126,sym,January,0.48167010315479425,110.06440816606232
POC-467-20220126,sym,Jan,0.48167010315479425,110.06440816606232
POC-467-20220215,host,February,0.3381062777515182,166.60186836206353
POC-467-20220215,host,Feb,0.3381062777515182,166.60186836206353
POC-467-20220215,sym,February,-0.27048502220123954,156.05858760084516
POC-467-20220215,sym,Feb,-0.27048502220123954,156.05858760084516
POC-467-20220315,host,March,0.9861813027266956,61.934942218605194
POC-467-20220315,sym,March,0.3001421356124844,58.628784714588164
POC-467-20220414,host,April,1.2512430923206406,95.34114297097533
POC-467-20220414,sym,April,0.6087128557235656,90.87028629372473
POC-467-20220515,host,May,0.41644289376530225,28.335114445174376
POC-467-20220515,sym,May,0.13088205232624864,26.31409158522764
POC-467-20220616,host,June,1.3477455683107944,46.90435358048294
POC-467-20220616,sym,June,0.8022295049469017,43.22913966094494
POC-467-20220727,host,July,4.842792739454626,81.59409446060282
POC-467-20220727,sym,July,-4.8113460333542895,76.70862404858342
POC-467-20220811,host,August,1.8037131552704793,124.53780426116232
POC-467-20220811,sym,August,0.7214852621081917,121.87544848926832
POC-467-20220917,host,September,0.8085041658092671,52.92129350974499
POC-467-20220917,sym,September,0.2664388728235073,49.86541318102018
POC-467-20221015,host,October,56.315512077960804,48.603287882102784
POC-467-20221015,sym,October,55.96662061755059,46.68069287672055
POC-467-20221104,host,NA,NA,NA
POC-467-20221104,sym,NA,NA,NA
POC-468-20220126,host,January,1.1500438865914093,218.20551624554741
POC-468-20220126,host,Jan,1.1500438865914093,218.20551624554741
POC-468-20220126,sym,January,-0.1326973715298187,205.51250228421796
POC-468-20220126,sym,Jan,-0.1326973715298187,205.51250228421796
POC-468-20220215,host,February,0.6444961582782014,227.2517398218611
POC-468-20220215,host,Feb,0.6444961582782014,227.2517398218611
POC-468-20220215,sym,February,0.10176255130712873,216.50182324996098
POC-468-20220215,sym,Feb,0.10176255130712873,216.50182324996098
POC-468-20220315,host,March,1.8177939093727007,153.91370484601615
POC-468-20220315,sym,March,0.40133112284854555,145.50721282356864
POC-468-20220414,host,April,1.0644366848388633,28.56735174770538
POC-468-20220414,sym,April,0.6386620109033297,25.32401316900138
POC-468-20220515,host,May,1.1768441342837215,160.2947821440808
POC-468-20220515,sym,May,1.463879288987031,150.13373766758252
POC-468-20220616,host,June,1.5674609520135419,55.97602915041049
POC-468-20220616,sym,June,0.9018268491036956,51.913679085629305
POC-468-20220727,host,July,5.495610000535598,82.46993537547954
POC-468-20220727,sym,July,-4.038634325975007,77.54433515639484
POC-468-20220811,host,August,0.9761506877027195,117.29319121411147
POC-468-20220811,sym,August,0.5459825880371364,111.56657838731304
POC-468-20220917,host,September,0.7503866472617273,78.63305072070173
POC-468-20220917,sym,September,0.4733208082727668,73.5229516069964
POC-468-20221015,host,October,75.2592321757857,64.5738044846448
POC-468-20221015,sym,October,74.82072786032339,62.53124001621018
POC-468-20221104,host,NA,NA,NA
POC-468-20221104,sym,NA,NA,NA
POC-469-20220126,host,January,0.8864539514703144,70.02293674466029
POC-469-20220126,host,Jan,0.8864539514703144,70.02293674466029
POC-469-20220126,sym,January,0.30471854581792357,60.64937875001115
POC-469-20220126,sym,Jan,0.30471854581792357,60.64937875001115
POC-469-20220215,host,February,0.07179579418205995,80.51629083288492
POC-469-20220215,host,Feb,0.07179579418205995,80.51629083288492
POC-469-20220215,sym,February,0.07179579418204002,74.87403885760322
POC-469-20220215,sym,Feb,0.07179579418204002,74.87403885760322
POC-469-20220315,host,March,0.88593410302517,202.74786517335792
POC-469-20220315,sym,March,-0.02768544071957037,196.92838553411133
POC-469-20220414,host,April,1.2979234072976715,216.88243948783278
POC-469-20220414,sym,April,0.9888940246077758,211.03335608092002
POC-469-20220515,host,May,1.4394065507808176,158.96549500828746
POC-469-20220515,sym,May,0.8686074013332065,148.03034825935987
POC-469-20220616,host,June,1.4305948034441422,44.71666234357151
POC-469-20220616,sym,June,-567865.7890105067,41.212528791406726
POC-469-20220727,host,July,8.480072609573666,102.11551632679677
POC-469-20220727,sym,July,-4.8681898314219225,94.92184979364455
POC-469-20220811,host,August,0.8582796618859467,154.22625308966056
POC-469-20220811,sym,August,0.5941936120748742,152.15537831572544
POC-469-20220917,host,September,1.1006874359575147,107.72468701917535
POC-469-20220917,sym,September,0.4891944159811093,103.67184717010956
POC-469-20221015,host,October,0.7519403947443463,77.53515019418283
POC-469-20221015,host,October ,0.7519403947443463,77.53515019418283
POC-469-20221015,sym,October,0.14098882401454196,73.5609189295994
POC-469-20221015,sym,October ,0.14098882401454196,73.5609189295994
POC-469-20221104,host,NA,NA,NA
POC-469-20221104,sym,NA,NA,NA
POC-470-20220126,host,January,0.350730470423062,18.911386965211296
POC-470-20220126,host,Jan,0.350730470423062,18.911386965211296
POC-470-20220126,sym,January,0.0028058437633801912,18.006884966578447
POC-470-20220126,sym,Jan,0.0028058437633801912,18.006884966578447
POC-470-20220215,host,February,0.9176164171511523,87.22943322853034
POC-470-20220215,host,Feb,0.9176164171511523,87.22943322853034
POC-470-20220215,sym,February,-0.4212009783644746,81.49164439060625
POC-470-20220215,sym,Feb,-0.4212009783644746,81.49164439060625
POC-470-20220315,host,March,1.395034405225764,121.68568833680024
POC-470-20220315,sym,March,0.25698002201524395,116.57150350306779
POC-470-20220414,host,April,1.8226330227763574,134.70035550420135
POC-470-20220414,sym,April,0.6075443409254525,126.86511289909659
POC-470-20220515,host,May,0.8108213754433392,53.25919437891854
POC-470-20220515,sym,May,0.35309963124143895,49.898209000064746
POC-470-20220616,host,June,1.4718523811889788,49.62273895541372
POC-470-20220616,sym,June,0.8284196462429938,47.14351219857492
POC-470-20220727,host,July,7.828802612020192,100.94938210931943
POC-470-20220727,sym,July,-0.19094640517122807,91.4663913883293
POC-470-20220811,host,August,0.8087830402447825,106.87373467153762
POC-470-20220811,sym,August,0.147051461862664,97.119321034646
POC-470-20220917,host,September,1.771454172219527,111.10774940624218
POC-470-20220917,host,September ,1.771454172219527,111.10774940624218
POC-470-20220917,sym,September,-0.25067747720088274,103.00827367737243
POC-470-20220917,sym,September ,-0.25067747720088274,103.00827367737243
POC-470-20221015,host,October,1.655096331002875,53.77840098174851
POC-470-20221015,sym,October,0.3913528270351551,50.350802471632214
POC-470-20221104,host,NA,NA,NA
POC-470-20221104,sym,NA,NA,NA
POC-471-20220126,host,January,2.1807972482797218,190.50116538779113
POC-471-20220126,host,Jan,2.1807972482797218,190.50116538779113
POC-471-20220126,sym,January,0.7471249832069078,183.9879406843385
POC-471-20220126,sym,Jan,0.7471249832069078,183.9879406843385
POC-471-20220215,host,February,1.3208244107856133,91.17719119242406
POC-471-20220215,host,Feb,1.3208244107856133,91.17719119242406
POC-471-20220215,sym,February,0.18603160715291783,84.37308516080662
POC-471-20220215,sym,Feb,0.18603160715291783,84.37308516080662
POC-471-20220315,host,March,2.591079709350474,256.6516273705886
POC-471-20220315,sym,March,-0.2072863767479888,243.9311533841504
POC-471-20220414,host,April,1.8079626875389265,75.6446142209672
POC-471-20220414,sym,April,0.5990882278235454,69.22775687164936
POC-471-20220515,host,May,2.4246499724218418,138.30856854045913
POC-471-20220515,sym,May,0.5242486426857996,128.92432789122284
POC-471-20220616,host,June,8.429759829801075,303.192646366271
POC-471-20220616,sym,June,3.577507830208164,280.3843205828742
POC-471-20220727,host,July,1.1207104716960523,244.88004503452407
POC-471-20220727,sym,July,0.03502220224048734,239.4577840758769
POC-471-20220811,host,August,1.6334428163565173,249.77890382538416
POC-471-20220811,sym,August,0.43336237984973236,238.31372094642936
POC-471-20220917,host,September,3.946297388210563,272.4852651772297
POC-471-20220917,sym,September,0.626981828033423,254.0676739787467
POC-471-20221015,host,October,2.216416612637723,62.19441198849787
POC-471-20221015,sym,October,0.6408915506422325,57.35365497452343
POC-471-20221104,host,NA,NA,NA
POC-471-20221104,sym,NA,NA,NA
POC-472-20220126,host,January,1.3800931494723088,85.23333773505351
POC-472-20220126,host,Jan,1.3800931494723088,85.23333773505351
POC-472-20220126,sym,January,0.5338096144185658,81.38209666322412
POC-472-20220126,sym,Jan,0.5338096144185658,81.38209666322412
POC-472-20220215,host,February,0.9596065363093855,96.62365451056944
POC-472-20220215,host,Feb,0.9596065363093855,96.62365451056944
POC-472-20220215,sym,February,-0.5757639217856262,89.44114498122352
POC-472-20220215,sym,Feb,-0.5757639217856262,89.44114498122352
POC-472-20220315,host,March,1.3388292700870377,24.15022300218303
POC-472-20220315,sym,March,0.09233305310945204,20.21837382393891
POC-472-20220414,host,April,1.5513798554331406,39.46150386711967
POC-472-20220414,sym,April,0.4773476478255758,34.786136100135685
POC-472-20220515,host,May,1.4941300832907196,102.94740734377105
POC-472-20220515,sym,May,0.44270520986389605,95.89525169601696
POC-472-20220616,host,June,6.216838623354184,34.06587430200622
POC-472-20220616,sym,June,0.7470879032356947,25.5477381195778
POC-472-20220727,host,July,1.342532986517704,171.94186103692354
POC-472-20220727,sym,July,0.5370131946070816,158.2724342651068
POC-472-20220811,host,August,2.1707908560963523,117.25504403723147
POC-472-20220811,sym,August,0.5298780829841727,110.54032918442014
POC-472-20220917,host,September,2.182361545954577,68.21331078002389
POC-472-20220917,sym,September,0.6322729712578655,61.32930152534222
POC-472-20221015,host,October,1.1903505596501098,36.08612064852794
POC-472-20221015,sym,October,0.5211805153062574,34.436519974310116
POC-472-20221104,host,NA,NA,NA
POC-472-20221104,sym,NA,NA,NA
POC-473-20220126,host,January,2.2381019005821745,95.71311291163127
POC-473-20220126,host,Jan,2.2381019005821745,95.71311291163127
POC-473-20220126,sym,January,0.7536465583592858,89.33756753157154
POC-473-20220126,sym,Jan,0.7536465583592858,89.33756753157154
POC-473-20220215,host,February,1.1766320583029262,194.06549729465183
POC-473-20220215,host,Feb,1.1766320583029262,194.06549729465183
POC-473-20220215,sym,February,-0.6685409422175891,186.90494627425713
POC-473-20220215,sym,Feb,-0.6685409422175891,186.90494627425713
POC-473-20220315,host,March,0.5324978982117887,14.28338379391454
POC-473-20220315,sym,March,0.045512640872797556,12.018371366478066
POC-473-20220414,host,April,1.2680450729363495,41.98202095118083
POC-473-20220414,sym,April,0.5126139656551191,37.503393672299254
POC-473-20220515,host,May,1.7063653491595991,68.30168611394731
POC-473-20220515,sym,May,0.47072147563023364,61.21659240340657
POC-473-20220616,host,June,1.532137906102917,31.257168754454895
POC-473-20220616,sym,June,0.5133050852933673,27.10319982346973
POC-473-20220727,host,July,1.4767981916772193,78.25425200463557
POC-473-20220727,sym,July,0.3852517021766535,74.06785017431577
POC-473-20220811,host,August,1.6076044853642517,68.10767843247903
POC-473-20220811,sym,August,0.26793408089403,63.93916776813476
POC-473-20220917,host,September,1.2316245746009862,78.76293219090186
POC-473-20220917,sym,September,0.17265765064498315,73.40635938089126
POC-473-20221015,host,October,1.4593725155121704,24.425287364887843
POC-473-20221015,sym,October,0.42793630154115714,21.141699204985464
POC-473-20221104,host,NA,NA,NA
POC-473-20221104,sym,NA,NA,NA
POC-474-20220126,host,January,2.967382742104178,172.53512396106584
POC-474-20220126,host,Jan,2.967382742104178,172.53512396106584
POC-474-20220126,sym,January,1.553512141454513,161.93836745311046
POC-474-20220126,sym,Jan,1.553512141454513,161.93836745311046
POC-474-20220215,host,February,2.031584578787245,234.71761706059158
POC-474-20220215,host,Feb,2.031584578787245,234.71761706059158
POC-474-20220215,sym,February,-0.8659212958765535,222.27960554733548
POC-474-20220215,sym,Feb,-0.8659212958765535,222.27960554733548
POC-474-20220315,host,March,1.2711120097762225,117.17702346629487
POC-474-20220315,sym,March,0.16342868697122093,111.27543199233392
POC-474-20220414,host,April,1.603000756057772,133.63045115485917
POC-474-20220414,sym,April,0.812479835262172,124.97759319244706
POC-474-20220515,host,May,0.9534589257751751,72.60291383332401
POC-474-20220515,sym,May,0.6794764758397722,68.81302622584732
POC-474-20220616,host,June,1.1690306570716522,31.46853362307918
POC-474-20220616,sym,June,0.6688483858867723,27.984705943547244
POC-474-20220727,host,July,1.0892500834941412,123.68175352817893
POC-474-20220727,sym,July,0,118.27602580726682
POC-474-20220811,host,August,1.4684727375657052,129.6275736925729
POC-474-20220811,sym,August,0.5647972067560595,123.13545877275277
POC-474-20220917,host,September,1.838704118194553,106.57072054974337
POC-474-20220917,sym,September,0.755436575692327,96.55049578159795
POC-474-20221015,host,October,1.4300768462759885,74.61310616667012
POC-474-20221015,host,October ,1.4300768462759885,74.61310616667012
POC-474-20221015,sym,October,1.0379590013293403,70.31364932560813
POC-474-20221015,sym,October ,1.0379590013293403,70.31364932560813
POC-474-20221104,host,NA,NA,NA
POC-474-20221104,sym,NA,NA,NA
POC-475-20220126,host,January,2.9484614705336014,226.09014311286097
POC-475-20220126,host,Jan,2.9484614705336014,226.09014311286097
POC-475-20220126,sym,January,1.2808889994941675,216.54159322175352
POC-475-20220126,sym,Jan,1.2808889994941675,216.54159322175352
POC-475-20220215,host,February,1.6127624328040544,169.73956691127103
POC-475-20220215,host,Feb,1.6127624328040544,169.73956691127103
POC-475-20220215,sym,February,-0.42072063464455434,159.1812969103616
POC-475-20220215,sym,Feb,-0.42072063464455434,159.1812969103616
POC-475-20220315,host,March,1.763860324762803,176.31445553557072
POC-475-20220315,sym,March,-0.07668957933754872,166.62600534593125
POC-475-20220414,host,April,NA,NA
POC-475-20220414,sym,April,NA,NA
POC-475-20220515,host,May,0.7771323154437967,50.61074204327721
POC-475-20220515,sym,May,0.29531027986863584,44.87356272451338
POC-475-20220616,host,June,1.811480466709694,49.466280460439954
POC-475-20220616,sym,June,0.9628589868096634,45.65900354948574
POC-475-20220727,host,July,0.9178186503474066,189.54435482335984
POC-475-20220727,sym,July,-0.17764231942206088,178.05681816739866
POC-475-20220811,host,August,1.544555981537763,148.19373704658213
POC-475-20220811,sym,August,0.9679217484302945,140.93075149094844
POC-475-20220917,host,September,4.434740907869807,371.9834964878253
POC-475-20220917,sym,September,1.4191170905183885,350.5604843224461
POC-475-20221015,host,October,1.7170013591968605,84.74779548233418
POC-475-20221015,sym,October,0.7154172329986954,82.12556248623191
POC-475-20221104,host,NA,NA,NA
POC-475-20221104,sym,NA,NA,NA
POC-476-20220217,host,February,3.7599754679482538,312.29314315864974
POC-476-20220217,host,Feb,3.7599754679482538,312.29314315864974
POC-476-20220217,sym,February,0.09060181850474085,286.4277396289503
POC-476-20220217,sym,Feb,0.09060181850474085,286.4277396289503
POC-476-20220316,host,March,1.5990375628079645,122.011956056504
POC-476-20220316,sym,March,0.08983357094430353,113.43630516867049
POC-476-20220413,host,April,NA,NA
POC-476-20220413,sym,April,NA,NA
POC-476-20220517,host,May,2.146564619701285,138.51147245673016
POC-476-20220517,sym,May,1.2205955680654526,132.49920475077167
POC-476-20220617,host,June,1.8065672044420265,130.76358500387678
POC-476-20220617,sym,June,0.6253501861530196,124.48010993080996
POC-476-20220729,host,July,1.9375992658922387,109.5497096054739
POC-476-20220729,sym,July,0.9042129907497307,102.48016339505874
POC-476-20220812,host,August,3.0742767900942347,370.06179877871347
POC-476-20220812,sym,August,0.7941881707743029,360.67671491117596
POC-476-20220930,host,September,1.8531565318122944,114.82641587452335
POC-476-20220930,sym,September,1.1824903583945328,108.21322905535412
POC-476-20221017,host,October,2.271992094230885,176.8245029897152
POC-476-20221017,host,October ,2.271992094230885,176.8245029897152
POC-476-20221017,sym,October,0.7573306980769858,173.11521123730597
POC-476-20221017,sym,October ,0.7573306980769858,173.11521123730597
POC-476-20221115,host,NA,NA,NA
POC-476-20221115,sym,NA,NA,NA
POC-477-20220217,host,February,3.677640169996503,301.6709299688781
POC-477-20220217,host,Feb,3.677640169996503,301.6709299688781
POC-477-20220217,sym,February,0.16908690436765683,284.3892537136547
POC-477-20220217,sym,Feb,0.16908690436765683,284.3892537136547
POC-477-20220316,host,March,1.2578066073181622,191.19497109688294
POC-477-20220316,sym,March,-1.0430591377760294,179.45218901237527
POC-477-20220413,host,April,1.6206454769020386,97.37078120853653
POC-477-20220413,sym,April,0.6019540342779136,92.0097888690701
POC-477-20220517,host,May,1.9149409066637177,70.09658823726241
POC-477-20220517,sym,May,0.9439849539891374,64.38081120816327
POC-477-20220617,host,June,1.961292163801136,62.184965900968976
POC-477-20220617,sym,June,0.8641336761302054,57.843554781411896
POC-477-20220729,host,July,1.7627479544385154,96.12160904497004
POC-477-20220729,sym,July,0.13303758146708114,90.6768503799286
POC-477-20220812,host,August,1.6885434083438151,112.01451239779945
POC-477-20220812,sym,August,0.5682598008849521,106.17432973828448
POC-477-20220930,host,September,2.3305271343226335,150.737589988907
POC-477-20220930,sym,September,1.131323851612941,142.01885417247667
POC-477-20221017,host,October,1.1174095590880107,68.68546519129016
POC-477-20221017,host,October ,1.1174095590880107,68.68546519129016
POC-477-20221017,sym,October,0.41781400905031324,65.09517969491603
POC-477-20221017,sym,October ,0.41781400905031324,65.09517969491603
POC-477-20221115,host,NA,NA,NA
POC-477-20221115,sym,NA,NA,NA
POC-478-20220217,host,February,4.671034278716341,427.7692232740171
POC-478-20220217,host,Feb,4.671034278716341,427.7692232740171
POC-478-20220217,sym,February,0.11392766533450818,404.6636077187872
POC-478-20220217,sym,Feb,0.11392766533450818,404.6636077187872
POC-478-20220316,host,March,2.3929396374311076,172.96773398867992
POC-478-20220316,sym,March,0.2346019252383637,165.47469067955225
POC-478-20220413,host,April,2.000023894464606,256.2338304792915
POC-478-20220413,sym,April,-0.03846199797044035,238.47720808292308
POC-478-20220517,host,May,1.6690713031836766,90.803974099915
POC-478-20220517,sym,May,0.5196165377835967,83.86591237382714
POC-478-20220617,host,June,2.425808659381511,89.04799095052145
POC-478-20220617,sym,June,0.7894643566034631,80.78373452662257
POC-478-20220729,host,July,NA,NA
POC-478-20220729,sym,July,NA,NA
POC-478-20220812,host,August,5.040584965012024,218.56641748663472
POC-478-20220812,sym,August,0.5600649961124512,203.22358430365955
POC-478-20220930,host,September,3.1159694114893957,161.2976098141893
POC-478-20220930,sym,September,1.092914644328381,151.69768388427795
POC-478-20221017,host,October,2.0549096573982464,159.39741609912255
POC-478-20221017,host,October ,2.0549096573982464,159.39741609912255
POC-478-20221017,sym,October,-0.57346316020415955,159.29604634858137
POC-478-20221017,sym,October ,-0.57346316020415955,159.29604634858137
POC-478-20221115,host,NA,NA,NA
POC-478-20221115,sym,NA,NA,NA
POC-479-20220217,host,February,3.059217268611381,264.63354085719016
POC-479-20220217,host,Feb,3.059217268611381,264.63354085719016
POC-479-20220217,sym,February,-0.03599079139541332,251.6886654332629
POC-479-20220217,sym,Feb,-0.03599079139541332,251.6886654332629
POC-479-20220316,host,March,2.213729522086572,136.60381890536115
POC-479-20220316,sym,March,0.18795816696962195,126.37471777405925
POC-479-20220413,host,April,1.5057300020177873,58.626284126646574
POC-479-20220413,sym,April,0.7308514044881591,54.96061264675056
POC-479-20220517,host,May,1.7967263378979155,121.6964490785311
POC-479-20220517,sym,May,0.9981812988321752,115.56761590370152
POC-479-20220617,host,June,1.477425175943039,34.2096453217403
POC-479-20220617,sym,June,0.7235127404823953,31.04937988807261
POC-479-20220729,host,July,1.9468898889908954,93.90641037621104
POC-479-20220729,sym,July,0.8782961905222136,89.04968702122919
POC-479-20220812,host,August,1.6320713026305527,126.81749744642683
POC-479-20220812,sym,August,0.7721627668359202,120.89319561223655
POC-479-20220930,host,September,2.2446112339153315,168.69317116785496
POC-479-20220930,sym,September,1.1223056169576537,161.1072969348596
POC-479-20221017,host,October,1.980893706520844,134.02908011178747
POC-479-20221017,host,October ,1.980893706520844,134.02908011178747
POC-479-20221017,sym,October,0.07336643357488264,128.23202024674472
POC-479-20221017,sym,October ,0.07336643357488264,128.23202024674472
POC-479-20221115,host,NA,NA,NA
POC-479-20221115,sym,NA,NA,NA
POC-480-20220217,host,February,3.023028261149293,294.4166654336756
POC-480-20220217,host,Feb,3.023028261149293,294.4166654336756
POC-480-20220217,sym,February,-0.30668402649347554,276.7241696983832
POC-480-20220217,sym,Feb,-0.30668402649347554,276.7241696983832
POC-480-20220316,host,March,1.0548500254270177,41.048992869822165
POC-480-20220316,sym,March,0.1622846192964658,34.95881174011322
POC-480-20220413,host,April,2.081685873681856,196.08904916617533
POC-480-20220413,sym,April,0.7314031448071764,182.57818448023238
POC-480-20220517,host,May,1.687222571440789,147.76844153258205
POC-480-20220517,sym,May,0.6451145126096948,144.3753873172213
POC-480-20220617,host,June,1.478153632276237,40.31499269685877
POC-480-20220617,sym,June,0.5648994773030298,35.875824304385894
POC-480-20220729,host,July,1.9090495325558667,160.85386376729906
POC-480-20220729,sym,July,0.9317979861284498,156.2408109454696
POC-480-20220812,host,August,1.8624564392654135,224.23288908870535
POC-480-20220812,sym,August,0.7209508797156918,207.70251534665357
POC-480-20220930,host,September,1.6710314777267645,153.44572721541743
POC-480-20220930,sym,September,0.8806787517749345,146.78355554689787
POC-480-20221017,host,October,1.4543612546206925,164.78421532774178
POC-480-20221017,host,October ,1.4543612546206925,164.78421532774178
POC-480-20221017,sym,October,0.5817445018482831,155.17085353350396
POC-480-20221017,sym,October ,0.5817445018482831,155.17085353350396
POC-480-20221115,host,NA,NA,NA
POC-480-20221115,sym,NA,NA,NA
POC-481-20220217,host,February,3.5694954153088845,236.73197906149588
POC-481-20220217,host,Feb,3.5694954153088845,236.73197906149588
POC-481-20220217,sym,February,-1.1154673172839809,220.93706465680182
POC-481-20220217,sym,Feb,-1.1154673172839809,220.93706465680182
POC-481-20220316,host,March,2.5955539479346297,145.050477698835
POC-481-20220316,sym,March,0.22659597958160357,135.2360723454419
POC-481-20220413,host,April,1.6755926723505357,83.12170316143465
POC-481-20220413,sym,April,0.49699782654468505,77.15457370114298
POC-481-20220517,host,May,2.124230316945672,124.63822170381711
POC-481-20220517,sym,May,0.6767459416818028,114.42785212072688
POC-481-20220617,host,June,1.8738700812629256,41.809307058766265
POC-481-20220617,sym,June,0.6035686404067877,38.08798850566999
POC-481-20220729,host,July,1.2728401537388296,44.83868723398156
POC-481-20220729,sym,July,0.39164312422732916,40.71575325347927
POC-481-20220812,host,August,1.3088964604747433,64.19120424183426
POC-481-20220812,sym,August,0.5261250478379016,59.98911356895271
POC-481-20220930,host,September,2.167484579024332,57.8188450335683
POC-481-20220930,sym,September,0.5715257845188513,52.84071680534007
POC-481-20221017,host,October,1.314338168696909,50.4798430966759
POC-481-20221017,host,October ,1.314338168696909,50.4798430966759
POC-481-20221017,sym,October,0.23089724585216548,47.045448397881906
POC-481-20221017,sym,October ,0.23089724585216548,47.045448397881906
POC-481-20221115,host,NA,NA,NA
POC-481-20221115,sym,NA,NA,NA
POC-482-20220217,host,February,4.645533241462734,362.2836395552967
POC-482-20220217,host,Feb,4.645533241462734,362.2836395552967
POC-482-20220217,sym,February,1.3343552927606503,345.55786661479084
POC-482-20220217,sym,Feb,1.3343552927606503,345.55786661479084
POC-482-20220316,host,March,2.0695873653551455,119.73858681974033
POC-482-20220316,sym,March,-0.03832569195104935,110.70558623347466
POC-482-20220413,host,April,1.4266415040943685,58.28799251419668
POC-482-20220413,sym,April,0.7186046094697593,53.91295856830726
POC-482-20220517,host,May,1.5842263095239313,133.12315362955198
POC-482-20220517,sym,May,0.6454255335097547,125.48787488232112
POC-482-20220617,host,June,1.9304090311511044,66.27647298664135
POC-482-20220617,sym,June,0.9218245373474302,62.171642546806
POC-482-20220729,host,July,2.3784417367149597,102.56228477085767
POC-482-20220729,sym,July,0.8529584159254056,94.95649036451624
POC-482-20220812,host,August,1.7361495809927145,113.47977704795152
POC-482-20220812,sym,August,0.448038601546521,106.3718313171668
POC-482-20220930,host,September,2.568059572263722,201.69341812135133
POC-482-20220930,sym,September,0.7922736978260579,192.53275349023758
POC-482-20221017,host,October,1.5420957655227405,140.44037480589267
POC-482-20221017,host,October ,1.5420957655227405,140.44037480589267
POC-482-20221017,sym,October,0.37010298372544004,133.28567352286348
POC-482-20221017,sym,October ,0.37010298372544004,133.28567352286348
POC-482-20221115,host,NA,NA,NA
POC-482-20221115,sym,NA,NA,NA
POC-483-20220217,host,February,3.4537964353528943,168.08052726017087
POC-483-20220217,host,Feb,3.4537964353528943,168.08052726017087
POC-483-20220217,sym,February,0.9650313569368535,155.05846445583688
POC-483-20220217,sym,Feb,0.9650313569368535,155.05846445583688
POC-483-20220316,host,March,2.196097901409489,183.47873036918818
POC-483-20220316,sym,March,0.6488471072346251,175.81605256233053
POC-483-20220413,host,April,2.0229313030977525,191.68493175248224
POC-483-20220413,sym,April,0.6560858280317479,180.7213533716685
POC-483-20220517,host,May,1.7945479594343003,82.86293829471819
POC-483-20220517,sym,May,0.7830754732076848,77.49937327470268
POC-483-20220617,host,June,1.527091317616926,35.27101229145062
POC-483-20220617,sym,June,0.7035813400538738,31.357341087400957
POC-483-20220729,host,July,1.3389603679311077,183.4814955770023
POC-483-20220729,sym,July,0.6563531215348493,177.8777545801443
POC-483-20220812,host,August,1.7515263070683982,119.8646669753346
POC-483-20220812,sym,August,0.8851799616367121,114.13171420252148
POC-483-20220930,host,September,1.515834597674843,81.03651759169762
POC-483-20220930,sym,September,0.8210770737405503,75.87510078661475
POC-483-20221017,host,October,1.3569325588589731,96.61314912317079
POC-483-20221017,host,October ,1.3569325588589731,96.61314912317079
POC-483-20221017,sym,October,0.30461751321322017,91.07352621396248
POC-483-20221017,sym,October ,0.30461751321322017,91.07352621396248
POC-483-20221115,host,NA,NA,NA
POC-483-20221115,sym,NA,NA,NA
POC-484-20220217,host,February,4.685500712931822,277.8955558779256
POC-484-20220217,host,Feb,4.685500712931822,277.8955558779256
POC-484-20220217,sym,February,1.0098061881319027,272.60727854807817
POC-484-20220217,sym,Feb,1.0098061881319027,272.60727854807817
POC-484-20220316,host,March,1.7232866354141234,179.7463988088527
POC-484-20220316,sym,March,0.27876695572876353,169.02147374845165
POC-484-20220413,host,April,1.5231866919493142,53.07235614263113
POC-484-20220413,sym,April,0.49618960419561575,48.01709672906103
POC-484-20220517,host,May,1.6536011082071382,150.62693889153
POC-484-20220517,sym,May,0.8148179373774245,138.94061959716484
POC-484-20220729,host,July,1.946263197652104,136.70318683598268
POC-484-20220729,sym,July,0.9447879600252851,132.28630312286444
POC-484-20220812,host,August,1.756800291525992,223.1750636074245
POC-484-20220812,sym,August,1.1818474688448009,220.49502176409308
POC-484-20220930,host,September,1.944078712280399,223.63734507544098
POC-484-20220930,sym,September,1.083584856025106,215.04541473444928
POC-484-20221017,host,October,1.8482796598619655,89.21851282560375
POC-484-20221017,host,October ,1.8482796598619655,89.21851282560375
POC-484-20221017,sym,October,0.8132430503392557,84.3020889303709
POC-484-20221017,sym,October ,0.8132430503392557,84.3020889303709
POC-484-20221115,host,NA,NA,NA
POC-484-20221115,sym,NA,NA,NA
POC-485-20220217,host,February,2.848779227166502,178.14916589287347
POC-485-20220217,host,Feb,2.848779227166502,178.14916589287347
POC-485-20220217,sym,February,0.9908797311883336,165.76041680932136
POC-485-20220217,sym,Feb,0.9908797311883336,165.76041680932136
POC-485-20220316,host,March,1.2409215267239009,157.6245420065952
POC-485-20220316,sym,March,0.04279039747327353,151.69195904262705
POC-485-20220413,host,April,0.8127412985487887,22.806159138675405
POC-485-20220413,sym,April,9.829841504341568,29.671833884458184
POC-485-20220517,host,May,1.7228597040072635,123.70132674772206
POC-485-20220517,sym,May,0.5472613177435137,117.32626324914057
POC-485-20220617,host,June,1.3077486926376247,45.114735156528155
POC-485-20220617,sym,June,0.44370044928775887,40.0562905607007
POC-485-20220729,host,July,1.5985603137009914,145.92623440228434
POC-485-20220729,sym,July,0.08640866560541664,135.6400028341679
POC-485-20220812,host,August,1.039840488052441,86.48706821493315
POC-485-20220812,sym,August,0.2916625759171627,79.54898617803437
POC-485-20220930,host,September,2.160451768244942,231.1230714125699
POC-485-20220930,sym,September,0.61266542681568,220.4076275103679
POC-485-20221017,host,October,4.241696905715191,207.29048643887228
POC-485-20221017,host,October ,4.241696905715191,207.29048643887228
POC-485-20221017,sym,October,1.917479423131498,193.31348766860776
POC-485-20221017,sym,October ,1.917479423131498,193.31348766860776
POC-485-20221115,host,NA,NA,NA
POC-485-20221115,sym,NA,NA,NA
